form	lemma	POS	morph
༄༅།		PUNCT
		
།		PUNCT
སྐྱབས་རྗེ་	སྐྱབས་རྗེ་	OTHER
དིལ་		NON_WORD
མགོ་	མགོ་	NOUN
མཁྱེན་བརྩེ་	མཁྱེན་བརྩེ་	PROPN
རིན་པོ་ཆེ་	རིན་པོ་ཆེ་	ADJ
འི་	གི་	PART
རྗེས་དྲན་	རྗེས་དྲན་	OTHER
གསོལ་འདེབས་	གསོལ་འདེབས་	NOUN
།		PUNCT
འགྱུར་མེད་	འགྱུར་མེད་	NOUN
འཆད་	འཆད་	VERB
རྩོད་	རྩོད་	VERB
རྩོམ་པ་	རྩོམ་པ་	VERB
འི་	གི་	PART
གཏེར་	གཏེར་	NOUN
ལ་	ལ་	ADP
དབང་	དབང་	NOUN
།		PUNCT
		
།		PUNCT
མཁྱེན་བརྩེ་	མཁྱེན་བརྩེ་	PROPN
བསླབ་པ་	བསླབ་པ་	VERB
གསུམ་	གསུམ་	NUM
གྱི་	གི་	PART
ཡོན་ཏན་	ཡོན་ཏན་	NOUN
རྫོགས་	རྫོགས་	VERB
།		PUNCT
		
།		PUNCT
དཔག་ཡས་	དཔག་ཡས་	NO_POS
ཕན་བདེ་	ཕན་བདེ་	OTHER
འི་	གི་	PART
འབྱུང་གནས་	འབྱུང་གནས་	NOUN
རིན་པོ་ཆེ་	རིན་པོ་ཆེ་	ADJ
།		PUNCT
		
།		PUNCT
འདྲེན་	འདྲེན་	NO_POS
མཆོག་རབ་	མཆོག་རབ་	NO_POS
གསལ་	གསལ་	VERB
ཟླ་བ་	ཟླ་བ་	NOUN
ར་	ལ་	PART
གསོལ་བ་	གསོལ་བ་	VERB
འདེབས་	འདེབས་	VERB
།		PUNCT
		
།		PUNCT
བློ་ཁ་	བློ་ཁ་	NOUN
ཆོ་	ཆོ་	NOUN
ལ་	ལ་	ADP
ཕྱོགས་པ་	ཕྱོགས་པ་	VERB
བླ་མ་	བླ་མ་	NOUN
འི་	གི་	PART
དྲིན་	དྲིན་	NOUN
།		PUNCT
		
།		PUNCT
ཆོ་	ཆོ་	NOUN
ལ་	ལ་	ADP
དགའ་བ་	དགའ་བ་	VERB
སྐྱེས་པ་	སྐྱེས་པ་	VERB
བླ་མ་	བླ་མ་	NOUN
འི་	གི་	PART
དྲིན་	དྲིན་	NOUN
།		PUNCT
		
།		PUNCT
ཆོ་	ཆོ་	NOUN
གཟུགས་	གཟུགས་	NOUN
མ་	མ་	PART
བོ་	བོ་	VERB
ཙམ་	ཙམ་	DET
འདི་	འདི་	DET
བླ་མ་	བླ་མ་	NOUN
འི་	གི་	PART
དྲིན་	དྲིན་	NOUN
།		PUNCT
		
།		PUNCT
འདྲེན་	འདྲེན་	NO_POS
མཆོག་རབ་	མཆོག་རབ་	NO_POS
གསལ་	གསལ་	VERB
ཟླ་བ་	ཟླ་བ་	NOUN
ར་	ལ་	PART
གསོལ་བ་	གསོལ་བ་	VERB
འདེབས་	འདེབས་	VERB
།		PUNCT
		
།		PUNCT
ཚེ་	ཚེ་	NOUN
གཅིག་	གཅིག་	NUM
སངས་རྒྱས་	སངས་རྒྱས་	NOUN
སྒྲུབ་པ་	སྒྲུབ་པ་	VERB
འི་	གི་	PART
ལམ་	གམ་	PART
གྱི་	གི་	PART
གནད་	གནད་	NOUN
།		PUNCT
		
།		PUNCT
ཚུལ་ཁྲིམས་	ཚུལ་ཁྲིམས་	NOUN
མ་	མ་	PART
ཡིན་	ཡིན་	NO_POS
ཤེས་རབ་	ཤེས་རབ་	NOUN
བརྩོན་འགྲུས་	བརྩོན་འགྲུས་	NOUN
མིན་	མིན་	AUX
།		PUNCT
		
།		PUNCT
བླ་མ་	བླ་མ་	NOUN
འི་	གི་	PART
མོས་གུས་	མོས་གུས་	NOUN
ཁོ་ན་	ཁོ་ན་	DET
ར་	ལ་	PART
ཐག་	ཐག་	VERB
ཆོད་	ཆོད་	VERB
ན་	ནས་	PART
།		PUNCT
		
།		PUNCT
འདྲེན་	འདྲེན་	NO_POS
མཆོག་རབ་	མཆོག་རབ་	NO_POS
གསལ་	གསལ་	VERB
ཟླ་བ་	ཟླ་བ་	NOUN
ར་	ལ་	PART
གསོལ་བ་	གསོལ་བ་	VERB
འདེབས་	འདེབས་	VERB
།		PUNCT
		
།		PUNCT
ཆོ་	ཆོ་	NOUN
ལ་	ལ་	ADP
སྦྱང་བརྩོན་	སྦྱང་བརྩོན་	NO_POS
རྡུལ་	རྡུལ་	NOUN
ཙམ་	ཙམ་	DET
མ་	མ་	PART
བྱ་	བྱ་	VERB
ཀྱང་	ཀྱང་	PART
།		PUNCT
		
།		PUNCT
རྟོགས་ལྡན་	རྟོགས་ལྡན་	OTHER
བླ་མ་	བླ་མ་	NOUN
ར་	ལ་	PART
དད་པ་	དད་པ་	VERB
འི་	གི་	PART
རྟེན་འབྲེལ་	རྟེན་འབྲེལ་	NOUN
གྱིས་	གིས་	PART
།		PUNCT
		
།		PUNCT
དགོངས་པ་	དགོངས་པ་	VERB
ལྷ་	ལྷ་	NOUN
དང་	དང་	NO_POS
མཉམ་པ་	མཉམ་པ་	VERB
འི་	གི་	PART
ཆེ་བ་	ཆེ་བ་	VERB
ཡོད་	ཡོད་	VERB
།		PUNCT
		
།		PUNCT
འདྲེན་	འདྲེན་	NO_POS
མཆོག་རབ་	མཆོག་རབ་	NO_POS
གསལ་	གསལ་	VERB
ཟླ་བ་	ཟླ་བ་	NOUN
ར་	ལ་	PART
གསོལ་བ་	གསོལ་བ་	VERB
འདེབས་	འདེབས་	VERB
།		PUNCT
		
།		PUNCT
སྡིག་ཅན་	སྡིག་ཅན་	ADJ
ཤན་པ་	ཤན་པ་	NOUN
སྨད་	སྨད་	NOUN
འཚོང་	འཚོང་	NO_POS
ཚུལ་	ཚུལ་	NOUN
འཆལ་	འཆལ་	VERB
སོགས་	སོགས་	DET
།		PUNCT
		
།		PUNCT
ཐེག་པ་	ཐེག་པ་	NOUN
གཞན་	གཞན་	DET
གྱི་	གི་	PART
གདུལ་བྱ་	གདུལ་བྱ་	NOUN
ར་	ལ་	PART
མ་	མ་	PART
བྱ་	བྱ་	VERB
ར་པ་	ར་པ་	PART
།		PUNCT
		
།		PUNCT
མོས་གུས་	མོས་གུས་	NOUN
ལམ་	གམ་	PART
གྱིས་	གིས་	PART
གྲོལ་བ་	གྲོལ་བ་	VERB
འི་	གི་	PART
གྲུབ་ཐོབ་	གྲུབ་ཐོབ་	NOUN
མང་	མང་	VERB
།		PUNCT
		
།		PUNCT
འདྲེན་	འདྲེན་	NO_POS
མཆོག་རབ་	མཆོག་རབ་	NO_POS
གསལ་	གསལ་	VERB
ཟླ་བ་	ཟླ་བ་	NOUN
ར་	ལ་	PART
གསོལ་བ་	གསོལ་བ་	VERB
འདེབས་	འདེབས་	VERB
།		PUNCT
		
།		PUNCT
མཁའ་འགྲོ་	མཁའ་འགྲོ་	NOUN
འི་	གི་	PART
གསང་མཛོད་	གསང་མཛོད་	OTHER
སྒྲུབ་བརྒྱུད་	སྒྲུབ་བརྒྱུད་	NOUN
ཤིང་རྟ་	ཤིང་རྟ་	NOUN
བརྒྱད་	བརྒྱད་	NUM
།		PUNCT
		
།		PUNCT
ཀུན་	ཀུན་	DET
ཀྱང་	ཀྱང་	PART
ཞལ་མཐུན་	ཞལ་མཐུན་	NO_POS
ཀུན་	ཀུན་	DET
གྱི་	གི་	PART
གསང་བ་	གསང་བ་	VERB
འི་	གི་	PART
གནད་	གནད་	NOUN
།		PUNCT
		
།		PUNCT
བླ་མ་	བླ་མ་	NOUN
འི་	གི་	PART
རྣལ་འབྱོར་	རྣལ་འབྱོར་	NOUN
ཁོ་ན་	ཁོ་ན་	DET
ར་	ལ་	PART
རག་	རག་	VERB
ལས་པ་	ལས་པ་	VERB
ས་	གིས་	PART
།		PUNCT
		
།		PUNCT
འདྲེན་	འདྲེན་	NO_POS
མཆོག་རབ་	མཆོག་རབ་	NO_POS
གསལ་	གསལ་	VERB
ཟླ་བ་	ཟླ་བ་	NOUN
ར་	ལ་	PART
གསོལ་བ་	གསོལ་བ་	VERB
འདེབས་	འདེབས་	VERB
།		PUNCT
		
།		PUNCT
མོས་གུས་	མོས་གུས་	NOUN
ལམ་	གམ་	PART
གྱི་	གི་	PART
རྩ་བ་	རྩ་བ་	NOUN
མ་	མ་	PART
ཚུགས་	ཚུགས་	VERB
ན་	ན་	ADP
།		PUNCT
		
།		PUNCT
ཚེ་གང་	ཚེ་གང་	NO_POS
འདུལ་ཁྲིམས་	འདུལ་ཁྲིམས་	NO_POS
གཙང་མ་	གཙང་མ་	ADJ
ས་	གིས་	PART
རྒྱུད་	རྒྱུད་	NOUN
བསྡམས་	བསྡམས་	NO_POS
ཀྱང་	ཀྱང་	PART
།		PUNCT
		
།		PUNCT
སེམས་རྒྱུད་	སེམས་རྒྱུད་	NOUN
ཐ་མལ་	ཐ་མལ་	ADJ
མི་ལ་	མི་ལ་	PROPN
ས་	གིས་	PART
མི་	མི་	PART
འཕགས་པ་	འཕགས་པ་	VERB
ས་	གིས་	PART
།		PUNCT
		
།		PUNCT
འདྲེན་	འདྲེན་	NO_POS
མཆོག་རབ་	མཆོག་རབ་	NO_POS
གསལ་	གསལ་	VERB
ཟླ་བ་	ཟླ་བ་	NOUN
ར་	ལ་	PART
གསོལ་བ་	གསོལ་བ་	VERB
འདེབས་	འདེབས་	VERB
།		PUNCT
		
།		PUNCT
བརྒྱུད་	བརྒྱུད་	NO_POS
གསུམ་	གསུམ་	NUM
བླ་མ་	བླ་མ་	NOUN
འི་	གི་	PART
བྱིན་རླབས་	བྱིན་རླབས་	NOUN
མ་	མ་	PART
ཞུགས་	ཞུགས་	VERB
ན་	ན་	ADP
།		PUNCT
		
།		PUNCT
མདོ་སྔགས་	མདོ་སྔགས་	NOUN
རིག་གནས་	རིག་གནས་	NOUN
ཀུན་	ཀུན་	DET
ལ་	ལ་	ADP
མཁའ་	མཁའ་	VERB
ན་	ན་	ADP
ཡང་	ཀྱང་	PART
།		PUNCT
		
།		PUNCT
དོན་	དོན་	NOUN
བརྒྱུད་	བརྒྱུད་	NO_POS
རྟོགས་པ་	རྟོགས་པ་	VERB
འཕོ་	འཕོ་	VERB
རྒྱུ་	རྒྱུ་	NOUN
མི་	མི་	PART
འདུག་པ་	འདུག་པ་	VERB
ས་	གིས་	PART
།		PUNCT
		
།		PUNCT
འདྲེན་	འདྲེན་	NO_POS
མཆོག་རབ་	མཆོག་རབ་	NO_POS
གསལ་	གསལ་	VERB
ཟླ་བ་	ཟླ་བ་	NOUN
ར་	ལ་	PART
གསོལ་བ་	གསོལ་བ་	VERB
འདེབས་	འདེབས་	VERB
།		PUNCT
		
།		PUNCT
བླ་མ་	བླ་མ་	NOUN
ལྷ་	ལྷ་	NOUN
རུ་	ལ་	PART
ཁོ་ཐག་	ཁོ་ཐག་	NOUN
མ་	མ་	PART
ཆོད་	ཆོད་	VERB
ན་	ན་	ADP
།		PUNCT
		
།		PUNCT
བསྙེན་པ་	བསྙེན་པ་	VERB
དུང་ཕྱུར་	དུང་ཕྱུར་	NUM
གྲངས་	གྲངས་	NOUN
མང་	མང་	VERB
བཟླས་	བཟླས་	NO_POS
ན་	ན་	ADP
ཡང་	ཀྱང་	PART
།		PUNCT
		
།		PUNCT
མཆོག་	མཆོག་	ADJ
གི་	གི་	PART
དངོས་གྲུབ་	དངོས་གྲུབ་	NOUN
ཚེ་	ཚེ་	NOUN
འདི་	འདི་	DET
ར་	ལ་	PART
མི་	མི་	PART
ཐོབ་པ་	ཐོབ་པ་	VERB
ས་	གིས་	PART
།		PUNCT
		
།		PUNCT
འདྲེན་	འདྲེན་	NO_POS
མཆོག་རབ་	མཆོག་རབ་	NO_POS
གསལ་	གསལ་	VERB
ཟླ་བ་	ཟླ་བ་	NOUN
ར་	ལ་	PART
གསོལ་བ་	གསོལ་བ་	VERB
འདེབས་	འདེབས་	VERB
།		PUNCT
		
།		PUNCT
དད་པ་	དད་པ་	VERB
འི་	གི་	PART
གྲོག་	གྲོག་	NOUN
དང་	དང་	NO_POS
ཡུན་	ཡུན་	NOUN
དུ་མ་	དུ་མ་	ADJ
འགྲོག་		NON_WORD
ན་	ན་	ADP
།		PUNCT
		
།		PUNCT
སེམས་ཉིད་	སེམས་ཉིད་	NOUN
གཉུག་	གཉུག་	NO_POS
མ་	མ་	PART
འི་	གི་	PART
གནས་ལུགས་	གནས་ལུགས་	VERB
ངོ་འཕྲོད་	ངོ་འཕྲོད་	NO_POS
ཀྱང་	ཀྱང་	PART
།		PUNCT
		
།		PUNCT
ཉམས་རྟོགས་	ཉམས་རྟོགས་	NOUN
རྩལ་	རྩལ་	NOUN
ཁ་ཕྱོགས་	ཁ་ཕྱོགས་	OTHER
མེད་	མེད་	VERB
མི་	མི་	PART
རྒྱས་པ་	རྒྱས་པ་	VERB
ས་	གིས་	PART
།		PUNCT
		
།		PUNCT
འདྲེན་	འདྲེན་	NO_POS
མཆོག་རབ་	མཆོག་རབ་	NO_POS
གསལ་	གསལ་	VERB
ཟླ་བ་	ཟླ་བ་	NOUN
ར་	ལ་	PART
གསོལ་བ་	གསོལ་བ་	VERB
འདེབས་	འདེབས་	VERB
།		PUNCT
		
།		PUNCT
བླ་མ་	བླ་མ་	NOUN
སངས་རྒྱས་	སངས་རྒྱས་	NOUN
ཉིད་	ཉིད་	DET
དུ་མ་	དུ་མ་	ADJ
ཤེ་	ཤེ་	VERB
ན་	ན་	ADP
།		PUNCT
		
།		PUNCT
ཕྱག་མཆོད་	ཕྱག་མཆོད་	NOUN
རྟེན་	རྟེན་	NOUN
བཞེངས་	བཞེངས་	NO_POS
དགེ་སྦྱོར་	དགེ་སྦྱོར་	NOUN
ཅི་	ཅི་	NO_POS
བྱ་	བྱ་	VERB
ཀྱང་	ཀྱང་	PART
།		PUNCT
		
།		PUNCT
ཚེ་	ཚེ་	NOUN
གཅིག་	གཅིག་	NUM
གདོད་མ་	གདོད་མ་	OTHER
འི་	གི་	PART
རྒྱལ་ས་	རྒྱལ་ས་	OTHER
མི་	མི་	PART
ཟིན་པ་	ཟིན་པ་	VERB
ས་	གིས་	PART
།		PUNCT
		
།		PUNCT
འདྲེན་	འདྲེན་	NO_POS
མཆོག་རབ་	མཆོག་རབ་	NO_POS
གསལ་	གསལ་	VERB
ཟླ་བ་	ཟླ་བ་	NOUN
ར་	ལ་	PART
གསོལ་བ་	གསོལ་བ་	VERB
འདེབས་	འདེབས་	VERB
།		PUNCT
		
།		PUNCT
སྙན་པ་	སྙན་པ་	VERB
ས་	གིས་	PART
ས་	ས་	ADP
ཁྱབ་	ཁྱབ་	VERB
ཆེ་དགུ་	ཆེ་དགུ་	NO_POS
འི་	གི་	PART
རྩེ་		
སོན་	སོན་	VERB
ཀྱང་	ཀྱང་	PART
།		PUNCT
		
།		PUNCT
བླ་མ་	བླ་མ་	NOUN
འི་	གི་	PART
བཀའ་དྲིན་	བཀའ་དྲིན་	NOUN
ཡང་ཡང་	ཡང་ཡང་	NO_POS
མ་	མ་	PART
དྲན་	དྲན་	VERB
ན་	ན་	ADP
།		PUNCT
		
།		PUNCT
རྣམ་དག་	རྣམ་དག་	ADJ
ལྷ་ཆོས་	ལྷ་ཆོས་	NOUN
ལམ་	གམ་	PART
དུ་	ལ་	PART
མི་	མི་	PART
འགྲོ་བ་	འགྲོ་བ་	VERB
ས་	གིས་	PART
།		PUNCT
		
།		PUNCT
འདྲེན་	འདྲེན་	NO_POS
མཆོག་རབ་	མཆོག་རབ་	NO_POS
གསལ་	གསལ་	VERB
ཟླ་བ་	ཟླ་བ་	NOUN
ར་	ལ་	PART
གསོལ་བ་	གསོལ་བ་	VERB
འདེབས་	འདེབས་	VERB
།		PUNCT
		
།		PUNCT
རྐྱེན་ངན་	རྐྱེན་ངན་	NOUN
ཐོག་	ཐོག་	NOUN
བབ་	བབ་	VERB
དམན་པ་	དམན་པ་	VERB
འི་	གི་	PART
ས་	ས་	ADP
ར་	ལ་	PART
ལྷུངས་	ལྷུངས་	NO_POS
ཀྱང་	ཀྱང་	PART
།		PUNCT
		
།		PUNCT
དད་པ་	དད་པ་	VERB
འི་	གི་	PART
ཁམས་	ཁམས་	NOUN
འདུ་	འདུ་	VERB
གསོ་	གསོ་	NO_POS
ཚུལ་	ཚུལ་	NOUN
མ་	མ་	PART
ཤེ་	ཤེ་	VERB
ན་	ན་	ADP
།		PUNCT
		
།		PUNCT
སྐྱོ་	སྐྱོ་	VERB
གདུང་	གདུང་	NOUN
ཡིད་	ཡིད་	NOUN
ཆད་	ཆད་	VERB
སེལ་	སེལ་	VERB
མཁན་	མཁན་	PROPN
མི་	མི་	PART
འདུག་པ་	འདུག་པ་	VERB
ས་	གིས་	PART
།		PUNCT
		
།		PUNCT
འདྲེན་	འདྲེན་	NO_POS
མཆོག་རབ་	མཆོག་རབ་	NO_POS
གསལ་	གསལ་	VERB
ཟླ་བ་	ཟླ་བ་	NOUN
ར་	ལ་	PART
གསོལ་བ་	གསོལ་བ་	VERB
འདེབས་	འདེབས་	VERB
།		PUNCT
		
།		PUNCT
ད་རེས་	ད་རེས་	ADV
རང་	རང་	PRON
གིས་	གིས་	PART
རང་ཉིད་	རང་ཉིད་	OTHER
མ་	མ་	PART
བསླུས་	བསླུས་	NO_POS
ན་	ན་	ADP
།		PUNCT
		
།		PUNCT
སངས་རྒྱས་	སངས་རྒྱས་	NOUN
དངོ་	དངོ་	NOUN
འདྲ་	འདྲ་	VERB
འི་	གི་	PART
བླ་མ་	བླ་མ་	NOUN
འི་	གི་	PART
ཐུགས་རྗེ་	ཐུགས་རྗེ་	NOUN
ས་	གིས་	PART
ཟིན་	ཟིན་	VERB
།		PUNCT
		
།		PUNCT
སེམས་	སེམས་	NOUN
ཀྱི་	གི་	PART
གཏད་ས་	གཏད་ས་	NO_POS
བརྟན་	བརྟན་	VERB
བརྗིད་	བརྗིད་	NO_POS
རི་	རི་	NOUN
ལ་	ལ་	ADP
ས་	གིས་	PART
བརླིང་	བརླིང་	NO_POS
།		PUNCT
		
།		PUNCT
མཁྱེན་	མཁྱེན་	VERB
ནོ་	གོ་	PART
མཁྱེན་	མཁྱེན་	VERB
ནོ་	གོ་	PART
རབ་གསལ་	རབ་གསལ་	PROPN
ཟླ་བ་	ཟླ་བ་	NOUN
མཁྱེན་	མཁྱེན་	VERB
།		PUNCT
		
།		PUNCT
ཟ་ཟི་	ཟ་ཟི་	NO_POS
འི་	གི་	PART
རྨི་ལམ་	རྨི་ལམ་	NOUN
ནང་	ནང་	NOUN
ན་	ནས་	PART
ཁྱེད་	ཁྱེད་	PRON
ཞལ་	ཞལ་	NOUN
རེ་	རེ་	DET
།		PUNCT
		
།		PUNCT
ཡང་ཡང་	ཡང་ཡང་	NO_POS
མཇལ་བ་	མཇལ་བ་	VERB
ར་	ལ་	PART
སྒུག་པ་	སྒུག་པ་	VERB
འི་	གི་	PART
བུ་	བུ་	NOUN
ང་	ང་	PRON
ལ་	ལ་	ADP
།		PUNCT
		
།		PUNCT
སྐྱིད་སྡུག་	སྐྱིད་སྡུག་	NOUN
ཅི་	ཅི་	NO_POS
བྱུང་	བྱུང་	VERB
རེ་	རེ་	DET
ས་	ས་	ADP
གཞན་	གཞན་	DET
མེད་པ་	མེད་པ་	VERB
ས་	གིས་	PART
།		PUNCT
		
།		PUNCT
མཁྱེན་	མཁྱེན་	VERB
ནོ་	གོ་	PART
མཁྱེན་	མཁྱེན་	VERB
ནོ་	གོ་	PART
རབ་གསལ་	རབ་གསལ་	PROPN
ཟླ་བ་	ཟླ་བ་	NOUN
མཁྱེན་	མཁྱེན་	VERB
།		PUNCT
		
།		PUNCT
ཐོས་པ་	ཐོས་པ་	VERB
ཆེ་	ཆེ་	VERB
ཡང་	ཀྱང་	PART
གྲུབ་པ་	གྲུབ་པ་	VERB
འི་	གི་	PART
ཉམས་རྟོགས་	ཉམས་རྟོགས་	NOUN
ཕྲ་	ཕྲ་	NOUN
།		PUNCT
		
།		PUNCT
རྟོགས་པ་	རྟོགས་པ་	VERB
མཐོ་	མཐོ་	VERB
ཡང་	ཀྱང་	PART
ཆོ་	ཆོ་	NOUN
ལ་	ལ་	ADP
སྦྱངས་བ་	སྦྱངས་བ་	VERB
ཆུང་	ཆུང་	VERB
།		PUNCT
		
།		PUNCT
དེ་	དེ་	DET
འདྲ་	འདྲ་	VERB
བསམ་	བསམ་	NOUN
ན་	ནས་	PART
མཁས་གྲུབ་	མཁས་གྲུབ་	NOUN
གཉིས་	གཉིས་	NUM
ལྡན་པ་	ལྡན་པ་	VERB
འི་	གི་	PART
།		PUNCT
		
།		PUNCT
རྒྱན་	རྒྱན་	NOUN
དྲུག་	དྲུག་	NUM
མཆོག་གཉིས་	མཆོག་གཉིས་	NO_POS
འདྲ་བ་	འདྲ་བ་	VERB
འི་	གི་	PART
བླ་མ་	བླ་མ་	NOUN
དྲན་	དྲན་	VERB
།		PUNCT
		
།		PUNCT
བསྟན་འགྲོ་	བསྟན་འགྲོ་	OTHER
ར་	ལ་	PART
མི་	མི་	PART
སེམས་	སེམས་	NOUN
རང་དོན་	རང་དོན་	NOUN
ཞི་བ་	ཞི་བ་	VERB
གཉེར་	གཉེར་	VERB
།		PUNCT
		
།		PUNCT
རང་རྒྱུད་	རང་རྒྱུད་	NOUN
མ་	མ་	PART
སྨིན་	སྨིན་	VERB
གཞན་དོན་	གཞན་དོན་	NOUN
སྒྲུབ་	སྒྲུབ་	VERB
བློ་	བློ་	NOUN
བྱེད་	བྱེད་	VERB
།		PUNCT
		
།		PUNCT
དེ་	དེ་	DET
འདྲ་	འདྲ་	VERB
བསམ་	བསམ་	NOUN
ན་	ནས་	PART
དོན་	དོན་	NOUN
གཉིས་	གཉིས་	NUM
ལྷུན་	ལྷུན་	NOUN
འགྲུབ་པ་	འགྲུབ་པ་	VERB
འི་	གི་	PART
།		PUNCT
		
།		PUNCT
རྫོགས་པ་	རྫོགས་པ་	VERB
འི་	གི་	PART
སངས་རྒྱས་	སངས་རྒྱས་	NOUN
འདྲ་བ་	འདྲ་བ་	VERB
འི་	གི་	PART
བླ་མ་	བླ་མ་	NOUN
དྲན་	དྲན་	VERB
།		PUNCT
		
།		PUNCT
འདུལ་ཁྲིམས་	འདུལ་ཁྲིམས་	NO_POS
མཆོག་	མཆོག་	ADJ
བཟུང་	བཟུང་	NO_POS
སྔགས་	སྔགས་	NOUN
ལ་མོ་	ལ་མོ་	OTHER
ས་པ་	ས་པ་	PART
ཆུང་	ཆུང་	VERB
།		PUNCT
		
།		PUNCT
སྔགས་	སྔགས་	NOUN
ལ་	ལ་	ADP
ཞུགས་	ཞུགས་	VERB
ན་	ནས་	PART
འདུལ་བ་	འདུལ་བ་	VERB
ར་	ལ་	PART
གུས་པ་	གུས་པ་	VERB
ལྷོད་	ལྷོད་	NO_POS
།		PUNCT
		
།		PUNCT
དེ་	དེ་	DET
འདྲ་	འདྲ་	VERB
བསམ་	བསམ་	NOUN
ན་	ནས་	PART
གསུམ་	གསུམ་	NUM
ལྡན་	ལྡན་	VERB
རྡོ་རྗེ་	རྡོ་རྗེ་	NOUN
འཛིན་	འཛིན་	VERB
།		PUNCT
		
།		PUNCT
པདྨ་	པདྨ་	NOUN
དཀར་པོ་	དཀར་པོ་	ADJ
འདྲ་བ་	འདྲ་བ་	VERB
འི་	གི་	PART
བླ་མ་	བླ་མ་	NOUN
དྲན་	དྲན་	VERB
།		PUNCT
		
།		PUNCT
རབ་བྱུང་	རབ་བྱུང་	NOUN
རྗེས་བཟུང་	རྗེས་བཟུང་	NO_POS
ཁྱིམ་པ་	ཁྱིམ་པ་	NOUN
འི་	གི་	PART
ཆོ་	ཆོ་	NOUN
སྐལ་ཆད་	སྐལ་ཆད་	NO_POS
།		PUNCT
		
།		PUNCT
ཁྱིམ་པ་	ཁྱིམ་པ་	NOUN
རྗེས་བཟུང་	རྗེས་བཟུང་	NO_POS
མཁས་པ་	མཁས་པ་	VERB
འི་	གི་	PART
བུ་སློབ་	བུ་སློབ་	NOUN
མེད་	མེད་	VERB
།		PUNCT
		
།		PUNCT
དེ་	དེ་	DET
འདྲ་	འདྲ་	VERB
བསམ་	བསམ་	NOUN
ན་	ནས་	PART
འཁོར་	འཁོར་	NOUN
ཚོགས་	ཚོགས་	NOUN
རྣམ་	རྣམ་	NOUN
བཞི་	བཞི་	NUM
འི་	གི་	PART
མགོན་	མགོན་	NOUN
།		PUNCT
		
།		PUNCT
ཀུན་	ཀུན་	DET
ཕན་	ཕན་	NOUN
ཟླ་བ་	ཟླ་བ་	NOUN
འདྲ་བ་	འདྲ་བ་	VERB
འི་	གི་	PART
བླ་མ་	བླ་མ་	NOUN
དྲན་	དྲན་	VERB
།		PUNCT
		
།		PUNCT
བཀའ་མ་	བཀའ་མ་	NOUN
ཤེ་	ཤེ་	VERB
ཀྱང་	ཀྱང་	PART
གཏེར་	གཏེར་	NOUN
གྱི་	གི་	PART
ཆོ་	ཆོ་	NOUN
སྐལ་མེད་	སྐལ་མེད་	ADJ
།		PUNCT
		
།		PUNCT
གཏེར་ཆོས་	གཏེར་ཆོས་	OTHER
མང་	མང་	VERB
ཡང་	ཀྱང་	PART
བཀའ་མ་	བཀའ་མ་	NOUN
འི་	གི་	PART
བརྒྱུད་པ་	བརྒྱུད་པ་	VERB
མེད་	མེད་	VERB
།		PUNCT
		
།		PUNCT
དེ་	དེ་	DET
འདྲ་	འདྲ་	VERB
བསམ་	བསམ་	NOUN
ན་	ནས་	PART
བཀའ་	བཀའ་	NOUN
གཏེར་	གཏེར་	NOUN
ཀུན་	ཀུན་	DET
འཛོམས་པ་	འཛོམས་པ་	VERB
འི་	གི་	PART
།		PUNCT
		
།		PUNCT
འདོད་	འདོད་	VERB
འབྱུང་	འབྱུང་	VERB
བུམ་	བུམ་	NOUN
བཟང་	བཟང་	VERB
འདྲ་བ་	འདྲ་བ་	VERB
འི་	གི་	PART
བླ་མ་	བླ་མ་	NOUN
དྲན་	དྲན་	VERB
།		PUNCT
		
།		PUNCT
རང་ལུགས་	རང་ལུགས་	NOUN
མཆོག་	མཆོག་	ADJ
བཟུང་	བཟུང་	NO_POS
གཞན་	གཞན་	DET
གྱི་	གི་	PART
ཆོ་	ཆོ་	NOUN
ལ་	ལ་	ADP
སྨོད་	སྨོད་	NO_POS
།		PUNCT
		
།		PUNCT
གཞན་ལུགས་	གཞན་ལུགས་	NO_POS
རྗེས་	རྗེས་	NOUN
བརྗོད་	བརྗོད་	VERB
བརྒྱུད་པ་	བརྒྱུད་པ་	VERB
འི་	གི་	PART
ཆོ་	ཆོ་	NOUN
སྐལ་	སྐལ་	NOUN
བོ་	བོ་	VERB
།		PUNCT
		
།		PUNCT
དེ་	དེ་	DET
འདྲ་	འདྲ་	VERB
བསམ་	བསམ་	NOUN
ན་	ནས་	PART
བསྟན་པ་	བསྟན་པ་	VERB
ཡོངས་	ཡོངས་	DET
ཀྱི་	གི་	PART
གཉེན་	གཉེན་	NOUN
།		PUNCT
		
།		PUNCT
འཛམ་གླིང་	འཛམ་གླིང་	NOUN
ཉི་མ་	ཉི་མ་	NOUN
འདྲ་བ་	འདྲ་བ་	VERB
འི་	གི་	PART
བླ་མ་	བླ་མ་	NOUN
དྲན་	དྲན་	VERB
།		PUNCT
		
།		PUNCT
སྙན་གྲགས་	སྙན་གྲགས་	NOUN
ཆེ་	ཆེ་	VERB
ཡང་	ཀྱང་	PART
རྒྱུད་	རྒྱུད་	NOUN
ལ་	ལ་	ADP
ཉམས་རྟོགས་	ཉམས་རྟོགས་	NOUN
མེད་	མེད་	VERB
།		PUNCT
		
།		PUNCT
རྟོགས་པ་	རྟོགས་པ་	VERB
མཐོ་	མཐོ་	VERB
ཡང་	ཀྱང་	PART
མཛད་པ་	མཛད་པ་	VERB
འི་	གི་	PART
གྲག་	གྲག་	VERB
རྒྱ་	རྒྱ་	NOUN
ཆུང་	ཆུང་	VERB
།		PUNCT
		
།		PUNCT
དེ་	དེ་	DET
འདྲ་	འདྲ་	VERB
བསམ་	བསམ་	NOUN
ན་	ནས་	PART
ཁམས་	ཁམས་	NOUN
གསུམ་	གསུམ་	NUM
དབང་བསྡུ་	དབང་བསྡུ་	NO_POS
ས་པ་	ས་པ་	PART
འི་	གི་	PART
།		PUNCT
		
།		PUNCT
འཁོར་ལོ་	འཁོར་ལོ་	NOUN
ས་	གིས་	PART
བསྒྱུར་	བསྒྱུར་	VERB
རྒྱལ་	རྒྱལ་	VERB
འདྲ་བ་	འདྲ་བ་	VERB
འི་	གི་	PART
བླ་མ་	བླ་མ་	NOUN
དྲན་	དྲན་	VERB
།		PUNCT
		
།		PUNCT
ཆོས་པ་	ཆོས་པ་	NOUN
བཟང་	བཟང་	VERB
ཡང་	ཀྱང་	PART
འཇིག་རྟེན་	འཇིག་རྟེན་	NOUN
ཤེས་རྒྱ་	ཤེས་རྒྱ་	NOUN
ཆུང་	ཆུང་	VERB
།		PUNCT
		
།		PUNCT
འཇིག་རྟེན་	འཇིག་རྟེན་	NOUN
མཁའ་	མཁའ་	VERB
ཀྱང་	ཀྱང་	PART
ཆོ་	ཆོ་	NOUN
ཀྱི་	གི་	PART
ཉམས་ལེན་	ཉམས་ལེན་	NOUN
ཕྲ་	ཕྲ་	NOUN
།		PUNCT
		
།		PUNCT
དེ་	དེ་	DET
འདྲ་	འདྲ་	VERB
བསམ་	བསམ་	NOUN
ན་	ནས་	PART
ལུགས་	ལུགས་	NOUN
གཉིས་	གཉིས་	NUM
ཀུན་	ཀུན་	DET
འཛོམས་པ་	འཛོམས་པ་	VERB
འི་	གི་	PART
།		PUNCT
		
།		PUNCT
དེད་དཔོན་	དེད་དཔོན་	NOUN
བཟང་པོ་	བཟང་པོ་	ADJ
འདྲ་བ་	འདྲ་བ་	VERB
འི་	གི་	PART
བླ་མ་	བླ་མ་	NOUN
དྲན་	དྲན་	VERB
།		PUNCT
		
།		PUNCT
བྱིན་རླབས་	བྱིན་རླབས་	NOUN
རྟགས་	རྟགས་	NOUN
མཚན་	མཚན་	NOUN
ཡོད་	ཡོད་	VERB
ཀྱང་	ཀྱང་	PART
མེད་	མེད་	VERB
ཀྱང་	ཀྱང་	PART
རུང་	རུང་	SCONJ
།		PUNCT
		
།		PUNCT
དངོས་གྲུབ་	དངོས་གྲུབ་	NOUN
སྐལ་བ་	སྐལ་བ་	NOUN
ཐོབ་	ཐོབ་	VERB
རུང་	རུང་	SCONJ
མ་	མ་	PART
ཐོབ་	ཐོབ་	VERB
རུང་	རུང་	SCONJ
།		PUNCT
		
།		PUNCT
འདུན་མ་	འདུན་མ་	NOUN
འི་	གི་	PART
རྩེ་	རྩེ་	NOUN
བརྒྱ་	བརྒྱ་	NUM
མགོན་པོ་	མགོན་པོ་	NOUN
ཁྱེད་	ཁྱེད་	PRON
ལ་	ལ་	ADP
གཏད་	གཏད་	VERB
།		PUNCT
		
།		PUNCT
ལམ་སྣེ་	ལམ་སྣེ་	NO_POS
གང་	གང་	NO_POS
ལ་	ལ་	ADP
འཁོར་	འཁོར་	NOUN
ཡང་	ཀྱང་	PART
འགྱོད་པ་	འགྱོད་པ་	VERB
མེད་	མེད་	VERB
།		PUNCT
		
།		PUNCT
སྐྱིད་	སྐྱིད་	NO_POS
ན་	ན་	ADP
བླ་མ་	བླ་མ་	NOUN
འི་	གི་	PART
བྱིན་རླབས་	བྱིན་རླབས་	NOUN
ཉིད་	ཉིད་	DET
དུ་	ལ་	PART
བསམ་	བསམ་	NOUN
།		PUNCT
		
།		PUNCT
གུ་	གུ་	OTHER
ཡངས་	ཡངས་	VERB
ཉམས་གླུ་	ཉམས་གླུ་	NO_POS
ལེན་	ལེན་	VERB
བཞིན་	བཞིན་	NOUN
གསོལ་བ་	གསོལ་བ་	VERB
འདེབས་	འདེབས་	VERB
།		PUNCT
		
།		PUNCT
ཕན་བདེ་	ཕན་བདེ་	OTHER
འགྲོ་	འགྲོ་	VERB
ལ་	ལ་	ADP
བསྔོ་	བསྔོ་	VERB
བཞིན་	བཞིན་	NOUN
གསོལ་བ་	གསོལ་བ་	VERB
འདེབས་	འདེབས་	VERB
།		PUNCT
		
།		PUNCT
བྱམས་	བྱམས་	VERB
དང་	དང་	NO_POS
སྙིང་རྗེ་	སྙིང་རྗེ་	NOUN
སྐྱེ་བ་	སྐྱེ་བ་	VERB
ར་	ལ་	PART
བྱིན་	བྱིན་	VERB
གྱིས་	གིས་	PART
རློབས་	རློབས་	VERB
།		PUNCT
		
།		PUNCT
སྡུག་	སྡུག་	VERB
ན་	ན་	ADP
སྒྲིབ་	སྒྲིབ་	NOUN
སྦྱོང་	སྦྱོང་	VERB
དངོས་གྲུབ་	དངོས་གྲུབ་	NOUN
ཉིད་	ཉིད་	DET
དུ་	ལ་	PART
ཤེ་	ཤེ་	VERB
།		PUNCT
		
།		PUNCT
ཉམས་ལེན་	ཉམས་ལེན་	NOUN
རྩལ་	རྩལ་	NOUN
སྦྱོང་བྱེད་	སྦྱོང་བྱེད་	OTHER
བཞིན་	བཞིན་	NOUN
གསོལ་བ་	གསོལ་བ་	VERB
འདེབས་	འདེབས་	VERB
།		PUNCT
		
།		PUNCT
འཁོར་བ་	འཁོར་བ་	NOUN
འི་	གི་	PART
སྡུག་བསྔལ་	སྡུག་བསྔལ་	NOUN
བསམ་བཞིན་	བསམ་བཞིན་	NO_POS
གསོལ་བ་	གསོལ་བ་	VERB
འདེབས་	འདེབས་	VERB
།		PUNCT
		
།		PUNCT
སྐྱོ་ཤས་	སྐྱོ་ཤས་	NOUN
ངེས་འབྱུང་	ངེས་འབྱུང་	NOUN
སྐྱེ་བ་	སྐྱེ་བ་	VERB
ར་	ལ་	PART
བྱིན་	བྱིན་	VERB
གྱིས་	གིས་	PART
རློབས་	རློབས་	VERB
།		PUNCT
		
།		PUNCT
བསྐྱེད་པ་	བསྐྱེད་པ་	VERB
འི་	གི་	PART
ལྷ་	ལྷ་	NOUN
བསྒོམ་	བསྒོམ་	VERB
བཟླས་པ་	བཟླས་པ་	VERB
འི་	གི་	PART
སྔགས་	སྔགས་	NOUN
བགྲང་	བགྲང་	VERB
ཀུན་	ཀུན་	DET
།		PUNCT
		
།		PUNCT
བླ་མ་	བླ་མ་	NOUN
འི་	གི་	PART
མོས་གུས་	མོས་གུས་	NOUN
གསོལ་འདེབས་	གསོལ་འདེབས་	NOUN
ཁོ་ན་	ཁོ་ན་	DET
རུ་	ལ་	PART
།		PUNCT
		
།		PUNCT
སྲོག་	སྲོག་	NOUN
སྡོམ་གཟེར་	སྡོམ་གཟེར་	NO_POS
བཞི་	བཞི་	NUM
འི་	གི་	PART
གནད་འགག་	གནད་འགག་	OTHER
ས་	གིས་	PART
གཅིག་	གཅིག་	NUM
དྲིལ་	དྲིལ་	VERB
ན་	ན་	ADP
།		PUNCT
		
།		PUNCT
གང་	གང་	NO_POS
སྣང་	སྣང་	VERB
ལྷ་	ལྷ་	NOUN
རུ་	ལ་	PART
འཆར་བ་	འཆར་བ་	VERB
ར་	ལ་	PART
བྱིན་	བྱིན་	VERB
གྱིས་	གིས་	PART
རློབས་	རློབས་	VERB
།		PUNCT
		
།		PUNCT
དྭངས་མ་	དྭངས་མ་	ADJ
འི་	གི་	PART
ཧཾ་		NON_WORD
ཡིག་	ཡིག་	NOUN
བདེ་ཆེན་	བདེ་ཆེན་	NOUN
བླ་མ་	བླ་མ་	NOUN
འི་	གི་	PART
ཐུགས་	ཐུགས་	NOUN
།		PUNCT
		
།		PUNCT
མོས་གུས་	མོས་གུས་	NOUN
གཏུམ་མོ་	གཏུམ་མོ་	NOUN
ས་	གིས་	PART
བསྐུལ་བ་	བསྐུལ་བ་	VERB
འི་	གི་	PART
ཐུགས་རྗེ་	ཐུགས་རྗེ་	NOUN
ལ་	ལ་	ADP
ས་	གིས་	PART
།		PUNCT
		
།		PUNCT
གནས་ཡུལ་	གནས་ཡུལ་	NO_POS
མཁའ་འགྲོ་	མཁའ་འགྲོ་	NOUN
འི་	གི་	PART
གྲོག་	གྲོག་	NOUN
དང་	དང་	NO_POS
ལྷན་ཅིག་	ལྷན་ཅིག་	OTHER
ཏུ་	ལ་	PART
།		PUNCT
		
།		PUNCT
བདེ་སྟོང་	བདེ་སྟོང་	NOUN
ཉམས་རྩལ་	ཉམས་རྩལ་	NOUN
རྫོགས་པ་	རྫོགས་པ་	VERB
ར་	ལ་	PART
བྱིན་	བྱིན་	VERB
གྱིས་	གིས་	PART
རློབས་	རློབས་	VERB
།		PUNCT
		
།		PUNCT
ཚིག་	ཚིག་	NOUN
ལ་	ལ་	ADP
བརྟེན་པ་	བརྟེན་པ་	VERB
ས་	གིས་	PART
གོ་བ་	གོ་བ་	VERB
འི་	གི་	PART
དོན་	དོན་	NOUN
མི་	མི་	PART
རྟོགས་	རྟོགས་	VERB
།		PUNCT
		
།		PUNCT
རྩོལ་བ་	རྩོལ་བ་	VERB
ས་	གིས་	PART
བཅིང་བ་	བཅིང་བ་	VERB
འི་	གི་	PART
སྒོམ་པ་	སྒོམ་པ་	VERB
ས་	གིས་	PART
ས་	ས་	ADP
མི་	མི་	PART
ཆོད་	ཆོད་	VERB
།		PUNCT
		
།		PUNCT
བཟོ་བཅོས་	བཟོ་བཅོས་	NO_POS
སྤྲོས་	སྤྲོས་	VERB
དང་	དང་	NO_POS
སྤང་	སྤང་	VERB
བླངས་	བླངས་	VERB
མི་	མི་	PART
དགོས་པ་	དགོས་པ་	VERB
ར་	ལ་	PART
།		PUNCT
		
།		PUNCT
ཉིན་མཚན་	ཉིན་མཚན་	ADV
སྒོམ་	སྒོམ་	VERB
དང་	དང་	NO_POS
འདྲེས་པ་	འདྲེས་པ་	VERB
ར་	ལ་	PART
བྱིན་	བྱིན་	VERB
གྱིས་	གིས་	PART
རློབས་	རློབས་	VERB
།		PUNCT
		
།		PUNCT
དེང་ནས་	དེང་ནས་	NO_POS
མགོན་	མགོན་	NOUN
ཁྱོད་	ཁྱོད་	PRON
དགྱེས་ཞལ་	དགྱེས་ཞལ་	NO_POS
ནམ་	ནམ་	PRON
མཇལ་	མཇལ་	NO_POS
ཚེ་	ཚེ་	NOUN
།		PUNCT
		
།		PUNCT
སྔོན་བྱོན་	སྔོན་བྱོན་	NOUN
གྲུབ་ཐོབ་	གྲུབ་ཐོབ་	NOUN
གོང་མ་	གོང་མ་	ADJ
འི་	གི་	PART
རྣམ་ཐར་	རྣམ་ཐར་	NOUN
བཞིན་	བཞིན་	NOUN
།		PUNCT
		
།		PUNCT
ཐ་མལ་	ཐ་མལ་	ADJ
མི་	མི་	PART
ཡི་	ཡི་	ADP
སྣང་བ་	སྣང་བ་	VERB
མི་	མི་	PART
འཆར་བ་	འཆར་བ་	VERB
ར་	ལ་	PART
།		PUNCT
		
།		PUNCT
ལྷག་པ་	ལྷག་པ་	VERB
འི་	གི་	PART
ལྷ་	ལྷ་	NOUN
རུ་	ལ་	PART
མཐོང་བ་	མཐོང་བ་	VERB
ར་	ལ་	PART
བྱིན་	བྱིན་	VERB
གྱིས་	གིས་	PART
རློབས་	རློབས་	VERB
།		PUNCT
		
།		PUNCT
མདོར་ན་	མདོར་ན་	NO_POS
འདི་	འདི་	DET
ན་	ནས་	PART
སྐྱེ་བ་	སྐྱེ་བ་	VERB
འི་	གི་	PART
ཕྲེང་བ་	ཕྲེང་བ་	NOUN
རུ་	ལ་	PART
།		PUNCT
		
།		PUNCT
མགོན་པོ་	མགོན་པོ་	NOUN
ཁྱེད་	ཁྱེད་	PRON
ཀྱིས་	གིས་	PART
དགྱེས་	དགྱེས་	NO_POS
བཞིན་	བཞིན་	NOUN
རྗེས་བཟུང་	རྗེས་བཟུང་	NO_POS
ན་	ནས་	PART
།		PUNCT
		
།		PUNCT
ཚེ་	ཚེ་	NOUN
དང་	དང་	NO_POS
ཆོ་	ཆོ་	NOUN
ལ་བ་	ལ་བ་	NOUN
ར་	ལ་	PART
ཆད་	ཆད་	VERB
མི་	མི་	PART
འབྱུང་བ་	འབྱུང་བ་	VERB
ར་	ལ་	PART
།		PUNCT
		
།		PUNCT
ཐུགས་	ཐུགས་	NOUN
ཡིད་	ཡིད་	NOUN
དབྱེ་	དབྱེ་	VERB
ར་	ལ་	PART
མེད་	མེད་	VERB
འདྲེས་པ་	འདྲེས་པ་	VERB
ར་	ལ་	PART
བྱིན་	བྱིན་	VERB
གྱིས་	གིས་	PART
རློབས་	རློབས་	VERB
།		PUNCT
		
།		PUNCT
ཞེས་་	ཞེས་པ་	PART
འང་	ཀྱང་	PART
བླ་	བླ་	NOUN
རུང་	རུང་	ADP
མཁན་ཆེན་	མཁན་ཆེན་	OTHER
འཆི་མེད་	འཆི་མེད་	NOUN
རིག་འཛིན་	རིག་འཛིན་	OTHER
གྱིས་	གིས་	PART
མཛད་པ་	མཛད་པ་	VERB
འི་	གི་	PART
བླ་མ་	བླ་མ་	NOUN
ཡིད་བཞིན་	ཡིད་བཞིན་	OTHER
ནོར་བུ་	ནོར་བུ་	NOUN
འི་	གི་	PART
རྗེས་དྲན་	རྗེས་དྲན་	OTHER
གསོལ་འདེབས་	གསོལ་འདེབས་	NOUN
ཉུང་ངུ་	ཉུང་ངུ་	ADJ
དད་པ་	དད་པ་	VERB
འི་	གི་	PART
གདུང་དབྱངས་	གདུང་དབྱངས་	NOUN
ཞེ་	ཅེས་	PART
བྱ་བ་	བྱ་བ་	VERB
འདི་	འདི་	DET
ཧ་ཅང་	ཧ་ཅང་	ADV
གི་	གི་	PART
དད་པ་	དད་པ་	VERB
དང་བ་	དང་བ་	NOUN
འདྲེན་པ་	འདྲེན་པ་	VERB
ཞིག་	ཅིག་	PART
མཇལ་	མཇལ་	NO_POS
ན་	ནས་	PART
རང་	རང་	PRON
གི་	གི་	PART
བླ་མ་	བླ་མ་	NOUN
འི་	གི་	PART
མཚན་	མཚན་	NOUN
ལ་	ལ་	ADP
གུ་	གུ་	VERB
རབ་འབྱམས་	རབ་འབྱམས་	ADJ
སྤྲུལ་	སྤྲུལ་	VERB
མིང་	མིང་	NOUN
ན་	ནས་	PART
རང་དོན་	རང་དོན་	NOUN
དུ་	ལ་	PART
ཁ་	ཁ་	PRON
བསྒྱུར་བ་	བསྒྱུར་བ་	VERB
འོ་	གོ་	PART
"།།
།།"		PUNCT
